plant_id,mycorrhiza_species,present
1,acaulospora_delicata,0
1,glomus_geosporum,0
1,acaulospora_spAF141_5W,0
1,acaulospora_spAF141_3S,0
1,archaeospora_trappei,0
1,entrosphora_infrequens,0
1,glomus_claroideum,0
1,glomus_eburneum,1
1,glomus_etunicatum,0
1,glomus_fasciculatum,0
1,glomus_intraradices,1
1,glomus_luteum,1
1,glomus_macrocarpum,0
1,glomus_microaggregatum,0
1,glomus_mosseae,1
1,glomus_spurcum,0
1,glomus_sinuosum,0
1,glomus_spaz112,0
1,glomus_spaz123,0
1,paraglomus_occultum,1
1,acaulospora_morrowiae,0
1,acaulospora_mellea,0
2,acaulospora_delicata,0
2,glomus_geosporum,0
2,acaulospora_spAF141_5W,0
2,acaulospora_spAF141_3S,0
2,archaeospora_trappei,0
2,entrosphora_infrequens,0
2,glomus_claroideum,0
2,glomus_eburneum,0
2,glomus_etunicatum,0
2,glomus_fasciculatum,1
2,glomus_intraradices,1
2,glomus_luteum,0
2,glomus_macrocarpum,0
2,glomus_microaggregatum,0
2,glomus_mosseae,1
2,glomus_spurcum,0
2,glomus_sinuosum,0
2,glomus_spaz112,0
2,glomus_spaz123,0
2,paraglomus_occultum,0
2,acaulospora_morrowiae,0
2,acaulospora_mellea,0
3,acaulospora_delicata,1
3,glomus_geosporum,0
3,acaulospora_spAF141_5W,0
3,acaulospora_spAF141_3S,0
3,archaeospora_trappei,0
3,entrosphora_infrequens,1
3,glomus_claroideum,0
3,glomus_eburneum,0
3,glomus_etunicatum,0
3,glomus_fasciculatum,0
3,glomus_intraradices,1
3,glomus_luteum,0
3,glomus_macrocarpum,0
3,glomus_microaggregatum,0
3,glomus_mosseae,1
3,glomus_spurcum,0
3,glomus_sinuosum,0
3,glomus_spaz112,0
3,glomus_spaz123,0
3,paraglomus_occultum,0
3,acaulospora_morrowiae,0
3,acaulospora_mellea,0
4,acaulospora_delicata,0
4,glomus_geosporum,0
4,acaulospora_spAF141_5W,0
4,acaulospora_spAF141_3S,0
4,archaeospora_trappei,0
4,entrosphora_infrequens,0
4,glomus_claroideum,0
4,glomus_eburneum,0
4,glomus_etunicatum,0
4,glomus_fasciculatum,0
4,glomus_intraradices,1
4,glomus_luteum,0
4,glomus_macrocarpum,0
4,glomus_microaggregatum,0
4,glomus_mosseae,1
4,glomus_spurcum,0
4,glomus_sinuosum,0
4,glomus_spaz112,0
4,glomus_spaz123,0
4,paraglomus_occultum,0
4,acaulospora_morrowiae,0
4,acaulospora_mellea,0
5,acaulospora_delicata,0
5,glomus_geosporum,0
5,acaulospora_spAF141_5W,0
5,acaulospora_spAF141_3S,0
5,archaeospora_trappei,0
5,entrosphora_infrequens,1
5,glomus_claroideum,0
5,glomus_eburneum,1
5,glomus_etunicatum,1
5,glomus_fasciculatum,0
5,glomus_intraradices,1
5,glomus_luteum,0
5,glomus_macrocarpum,0
5,glomus_microaggregatum,0
5,glomus_mosseae,1
5,glomus_spurcum,0
5,glomus_sinuosum,0
5,glomus_spaz112,0
5,glomus_spaz123,0
5,paraglomus_occultum,0
5,acaulospora_morrowiae,0
5,acaulospora_mellea,0
6,acaulospora_delicata,0
6,glomus_geosporum,0
6,acaulospora_spAF141_5W,0
6,acaulospora_spAF141_3S,0
6,archaeospora_trappei,0
6,entrosphora_infrequens,0
6,glomus_claroideum,0
6,glomus_eburneum,0
6,glomus_etunicatum,0
6,glomus_fasciculatum,0
6,glomus_intraradices,1
6,glomus_luteum,1
6,glomus_macrocarpum,0
6,glomus_microaggregatum,1
6,glomus_mosseae,1
6,glomus_spurcum,0
6,glomus_sinuosum,0
6,glomus_spaz112,0
6,glomus_spaz123,0
6,paraglomus_occultum,0
6,acaulospora_morrowiae,0
6,acaulospora_mellea,0
7,acaulospora_delicata,0
7,glomus_geosporum,0
7,acaulospora_spAF141_5W,0
7,acaulospora_spAF141_3S,0
7,archaeospora_trappei,1
7,entrosphora_infrequens,0
7,glomus_claroideum,0
7,glomus_eburneum,0
7,glomus_etunicatum,1
7,glomus_fasciculatum,0
7,glomus_intraradices,1
7,glomus_luteum,1
7,glomus_macrocarpum,1
7,glomus_microaggregatum,0
7,glomus_mosseae,1
7,glomus_spurcum,0
7,glomus_sinuosum,0
7,glomus_spaz112,0
7,glomus_spaz123,0
7,paraglomus_occultum,0
7,acaulospora_morrowiae,0
7,acaulospora_mellea,0
8,acaulospora_delicata,0
8,glomus_geosporum,0
8,acaulospora_spAF141_5W,0
8,acaulospora_spAF141_3S,0
8,archaeospora_trappei,0
8,entrosphora_infrequens,0
8,glomus_claroideum,0
8,glomus_eburneum,0
8,glomus_etunicatum,0
8,glomus_fasciculatum,0
8,glomus_intraradices,1
8,glomus_luteum,0
8,glomus_macrocarpum,1
8,glomus_microaggregatum,0
8,glomus_mosseae,1
8,glomus_spurcum,0
8,glomus_sinuosum,0
8,glomus_spaz112,0
8,glomus_spaz123,0
8,paraglomus_occultum,0
8,acaulospora_morrowiae,0
8,acaulospora_mellea,0
9,acaulospora_delicata,0
9,glomus_geosporum,0
9,acaulospora_spAF141_5W,0
9,acaulospora_spAF141_3S,0
9,archaeospora_trappei,0
9,entrosphora_infrequens,0
9,glomus_claroideum,0
9,glomus_eburneum,0
9,glomus_etunicatum,0
9,glomus_fasciculatum,1
9,glomus_intraradices,1
9,glomus_luteum,0
9,glomus_macrocarpum,1
9,glomus_microaggregatum,0
9,glomus_mosseae,1
9,glomus_spurcum,1
9,glomus_sinuosum,0
9,glomus_spaz112,0
9,glomus_spaz123,0
9,paraglomus_occultum,1
9,acaulospora_morrowiae,0
9,acaulospora_mellea,0
10,acaulospora_delicata,0
10,glomus_geosporum,0
10,acaulospora_spAF141_5W,0
10,acaulospora_spAF141_3S,0
10,archaeospora_trappei,0
10,entrosphora_infrequens,0
10,glomus_claroideum,0
10,glomus_eburneum,0
10,glomus_etunicatum,0
10,glomus_fasciculatum,0
10,glomus_intraradices,1
10,glomus_luteum,0
10,glomus_macrocarpum,0
10,glomus_microaggregatum,1
10,glomus_mosseae,1
10,glomus_spurcum,0
10,glomus_sinuosum,0
10,glomus_spaz112,0
10,glomus_spaz123,0
10,paraglomus_occultum,0
10,acaulospora_morrowiae,0
10,acaulospora_mellea,0
11,acaulospora_delicata,1
11,glomus_geosporum,0
11,acaulospora_spAF141_5W,0
11,acaulospora_spAF141_3S,0
11,archaeospora_trappei,1
11,entrosphora_infrequens,0
11,glomus_claroideum,0
11,glomus_eburneum,1
11,glomus_etunicatum,1
11,glomus_fasciculatum,0
11,glomus_intraradices,0
11,glomus_luteum,1
11,glomus_macrocarpum,0
11,glomus_microaggregatum,0
11,glomus_mosseae,1
11,glomus_spurcum,0
11,glomus_sinuosum,0
11,glomus_spaz112,0
11,glomus_spaz123,0
11,paraglomus_occultum,0
11,acaulospora_morrowiae,0
11,acaulospora_mellea,0
12,acaulospora_delicata,0
12,glomus_geosporum,0
12,acaulospora_spAF141_5W,0
12,acaulospora_spAF141_3S,0
12,archaeospora_trappei,0
12,entrosphora_infrequens,0
12,glomus_claroideum,0
12,glomus_eburneum,0
12,glomus_etunicatum,0
12,glomus_fasciculatum,0
12,glomus_intraradices,1
12,glomus_luteum,1
12,glomus_macrocarpum,0
12,glomus_microaggregatum,1
12,glomus_mosseae,1
12,glomus_spurcum,0
12,glomus_sinuosum,0
12,glomus_spaz112,0
12,glomus_spaz123,0
12,paraglomus_occultum,0
12,acaulospora_morrowiae,0
12,acaulospora_mellea,0
13,acaulospora_delicata,0
13,glomus_geosporum,0
13,acaulospora_spAF141_5W,0
13,acaulospora_spAF141_3S,0
13,archaeospora_trappei,0
13,entrosphora_infrequens,1
13,glomus_claroideum,0
13,glomus_eburneum,0
13,glomus_etunicatum,0
13,glomus_fasciculatum,0
13,glomus_intraradices,1
13,glomus_luteum,0
13,glomus_macrocarpum,0
13,glomus_microaggregatum,0
13,glomus_mosseae,1
13,glomus_spurcum,1
13,glomus_sinuosum,0
13,glomus_spaz112,0
13,glomus_spaz123,0
13,paraglomus_occultum,0
13,acaulospora_morrowiae,0
13,acaulospora_mellea,0
14,acaulospora_delicata,0
14,glomus_geosporum,0
14,acaulospora_spAF141_5W,0
14,acaulospora_spAF141_3S,0
14,archaeospora_trappei,0
14,entrosphora_infrequens,0
14,glomus_claroideum,0
14,glomus_eburneum,1
14,glomus_etunicatum,1
14,glomus_fasciculatum,0
14,glomus_intraradices,1
14,glomus_luteum,0
14,glomus_macrocarpum,0
14,glomus_microaggregatum,0
14,glomus_mosseae,1
14,glomus_spurcum,0
14,glomus_sinuosum,0
14,glomus_spaz112,0
14,glomus_spaz123,0
14,paraglomus_occultum,0
14,acaulospora_morrowiae,0
14,acaulospora_mellea,0
15,acaulospora_delicata,1
15,glomus_geosporum,0
15,acaulospora_spAF141_5W,0
15,acaulospora_spAF141_3S,0
15,archaeospora_trappei,0
15,entrosphora_infrequens,0
15,glomus_claroideum,0
15,glomus_eburneum,0
15,glomus_etunicatum,1
15,glomus_fasciculatum,0
15,glomus_intraradices,1
15,glomus_luteum,0
15,glomus_macrocarpum,0
15,glomus_microaggregatum,0
15,glomus_mosseae,1
15,glomus_spurcum,1
15,glomus_sinuosum,0
15,glomus_spaz112,0
15,glomus_spaz123,0
15,paraglomus_occultum,0
15,acaulospora_morrowiae,0
15,acaulospora_mellea,0
16,acaulospora_delicata,1
16,glomus_geosporum,0
16,acaulospora_spAF141_5W,0
16,acaulospora_spAF141_3S,0
16,archaeospora_trappei,0
16,entrosphora_infrequens,1
16,glomus_claroideum,0
16,glomus_eburneum,1
16,glomus_etunicatum,0
16,glomus_fasciculatum,0
16,glomus_intraradices,1
16,glomus_luteum,1
16,glomus_macrocarpum,0
16,glomus_microaggregatum,0
16,glomus_mosseae,1
16,glomus_spurcum,0
16,glomus_sinuosum,0
16,glomus_spaz112,0
16,glomus_spaz123,0
16,paraglomus_occultum,0
16,acaulospora_morrowiae,1
16,acaulospora_mellea,0
17,acaulospora_delicata,0
17,glomus_geosporum,0
17,acaulospora_spAF141_5W,0
17,acaulospora_spAF141_3S,0
17,archaeospora_trappei,0
17,entrosphora_infrequens,0
17,glomus_claroideum,0
17,glomus_eburneum,1
17,glomus_etunicatum,1
17,glomus_fasciculatum,0
17,glomus_intraradices,1
17,glomus_luteum,0
17,glomus_macrocarpum,0
17,glomus_microaggregatum,1
17,glomus_mosseae,1
17,glomus_spurcum,0
17,glomus_sinuosum,0
17,glomus_spaz112,0
17,glomus_spaz123,0
17,paraglomus_occultum,1
17,acaulospora_morrowiae,0
17,acaulospora_mellea,1
18,acaulospora_delicata,0
18,glomus_geosporum,0
18,acaulospora_spAF141_5W,0
18,acaulospora_spAF141_3S,0
18,archaeospora_trappei,0
18,entrosphora_infrequens,0
18,glomus_claroideum,0
18,glomus_eburneum,0
18,glomus_etunicatum,1
18,glomus_fasciculatum,1
18,glomus_intraradices,1
18,glomus_luteum,0
18,glomus_macrocarpum,0
18,glomus_microaggregatum,0
18,glomus_mosseae,1
18,glomus_spurcum,0
18,glomus_sinuosum,0
18,glomus_spaz112,0
18,glomus_spaz123,0
18,paraglomus_occultum,0
18,acaulospora_morrowiae,0
18,acaulospora_mellea,0
19,acaulospora_delicata,0
19,glomus_geosporum,0
19,acaulospora_spAF141_5W,0
19,acaulospora_spAF141_3S,0
19,archaeospora_trappei,0
19,entrosphora_infrequens,0
19,glomus_claroideum,0
19,glomus_eburneum,0
19,glomus_etunicatum,1
19,glomus_fasciculatum,1
19,glomus_intraradices,1
19,glomus_luteum,0
19,glomus_macrocarpum,1
19,glomus_microaggregatum,1
19,glomus_mosseae,1
19,glomus_spurcum,0
19,glomus_sinuosum,0
19,glomus_spaz112,1
19,glomus_spaz123,0
19,paraglomus_occultum,0
19,acaulospora_morrowiae,0
19,acaulospora_mellea,0
20,acaulospora_delicata,0
20,glomus_geosporum,0
20,acaulospora_spAF141_5W,0
20,acaulospora_spAF141_3S,0
20,archaeospora_trappei,0
20,entrosphora_infrequens,0
20,glomus_claroideum,0
20,glomus_eburneum,0
20,glomus_etunicatum,0
20,glomus_fasciculatum,0
20,glomus_intraradices,1
20,glomus_luteum,0
20,glomus_macrocarpum,0
20,glomus_microaggregatum,0
20,glomus_mosseae,1
20,glomus_spurcum,0
20,glomus_sinuosum,0
20,glomus_spaz112,0
20,glomus_spaz123,0
20,paraglomus_occultum,0
20,acaulospora_morrowiae,0
20,acaulospora_mellea,0
21,acaulospora_delicata,0
21,glomus_geosporum,0
21,acaulospora_spAF141_5W,0
21,acaulospora_spAF141_3S,0
21,archaeospora_trappei,0
21,entrosphora_infrequens,0
21,glomus_claroideum,0
21,glomus_eburneum,0
21,glomus_etunicatum,1
21,glomus_fasciculatum,0
21,glomus_intraradices,1
21,glomus_luteum,0
21,glomus_macrocarpum,1
21,glomus_microaggregatum,0
21,glomus_mosseae,1
21,glomus_spurcum,0
21,glomus_sinuosum,0
21,glomus_spaz112,0
21,glomus_spaz123,0
21,paraglomus_occultum,0
21,acaulospora_morrowiae,0
21,acaulospora_mellea,0
22,acaulospora_delicata,0
22,glomus_geosporum,0
22,acaulospora_spAF141_5W,0
22,acaulospora_spAF141_3S,0
22,archaeospora_trappei,0
22,entrosphora_infrequens,0
22,glomus_claroideum,0
22,glomus_eburneum,0
22,glomus_etunicatum,1
22,glomus_fasciculatum,0
22,glomus_intraradices,1
22,glomus_luteum,0
22,glomus_macrocarpum,0
22,glomus_microaggregatum,0
22,glomus_mosseae,0
22,glomus_spurcum,0
22,glomus_sinuosum,0
22,glomus_spaz112,0
22,glomus_spaz123,0
22,paraglomus_occultum,1
22,acaulospora_morrowiae,0
22,acaulospora_mellea,0
23,acaulospora_delicata,0
23,glomus_geosporum,0
23,acaulospora_spAF141_5W,0
23,acaulospora_spAF141_3S,1
23,archaeospora_trappei,0
23,entrosphora_infrequens,0
23,glomus_claroideum,0
23,glomus_eburneum,0
23,glomus_etunicatum,1
23,glomus_fasciculatum,0
23,glomus_intraradices,1
23,glomus_luteum,0
23,glomus_macrocarpum,0
23,glomus_microaggregatum,0
23,glomus_mosseae,1
23,glomus_spurcum,0
23,glomus_sinuosum,0
23,glomus_spaz112,0
23,glomus_spaz123,1
23,paraglomus_occultum,0
23,acaulospora_morrowiae,0
23,acaulospora_mellea,0
24,acaulospora_delicata,0
24,glomus_geosporum,0
24,acaulospora_spAF141_5W,0
24,acaulospora_spAF141_3S,0
24,archaeospora_trappei,0
24,entrosphora_infrequens,0
24,glomus_claroideum,1
24,glomus_eburneum,0
24,glomus_etunicatum,1
24,glomus_fasciculatum,0
24,glomus_intraradices,1
24,glomus_luteum,0
24,glomus_macrocarpum,1
24,glomus_microaggregatum,0
24,glomus_mosseae,1
24,glomus_spurcum,0
24,glomus_sinuosum,0
24,glomus_spaz112,0
24,glomus_spaz123,1
24,paraglomus_occultum,0
24,acaulospora_morrowiae,0
24,acaulospora_mellea,0
25,acaulospora_delicata,0
25,glomus_geosporum,0
25,acaulospora_spAF141_5W,0
25,acaulospora_spAF141_3S,0
25,archaeospora_trappei,0
25,entrosphora_infrequens,0
25,glomus_claroideum,0
25,glomus_eburneum,0
25,glomus_etunicatum,1
25,glomus_fasciculatum,0
25,glomus_intraradices,1
25,glomus_luteum,1
25,glomus_macrocarpum,0
25,glomus_microaggregatum,0
25,glomus_mosseae,1
25,glomus_spurcum,0
25,glomus_sinuosum,0
25,glomus_spaz112,0
25,glomus_spaz123,1
25,paraglomus_occultum,0
25,acaulospora_morrowiae,1
25,acaulospora_mellea,0
26,acaulospora_delicata,0
26,glomus_geosporum,0
26,acaulospora_spAF141_5W,0
26,acaulospora_spAF141_3S,1
26,archaeospora_trappei,0
26,entrosphora_infrequens,0
26,glomus_claroideum,0
26,glomus_eburneum,0
26,glomus_etunicatum,1
26,glomus_fasciculatum,1
26,glomus_intraradices,1
26,glomus_luteum,1
26,glomus_macrocarpum,0
26,glomus_microaggregatum,0
26,glomus_mosseae,0
26,glomus_spurcum,0
26,glomus_sinuosum,0
26,glomus_spaz112,0
26,glomus_spaz123,1
26,paraglomus_occultum,0
26,acaulospora_morrowiae,1
26,acaulospora_mellea,0
27,acaulospora_delicata,0
27,glomus_geosporum,0
27,acaulospora_spAF141_5W,0
27,acaulospora_spAF141_3S,1
27,archaeospora_trappei,0
27,entrosphora_infrequens,0
27,glomus_claroideum,0
27,glomus_eburneum,0
27,glomus_etunicatum,1
27,glomus_fasciculatum,0
27,glomus_intraradices,1
27,glomus_luteum,0
27,glomus_macrocarpum,0
27,glomus_microaggregatum,0
27,glomus_mosseae,1
27,glomus_spurcum,0
27,glomus_sinuosum,0
27,glomus_spaz112,0
27,glomus_spaz123,1
27,paraglomus_occultum,0
27,acaulospora_morrowiae,0
27,acaulospora_mellea,0
28,acaulospora_delicata,0
28,glomus_geosporum,0
28,acaulospora_spAF141_5W,0
28,acaulospora_spAF141_3S,0
28,archaeospora_trappei,0
28,entrosphora_infrequens,0
28,glomus_claroideum,0
28,glomus_eburneum,0
28,glomus_etunicatum,0
28,glomus_fasciculatum,1
28,glomus_intraradices,1
28,glomus_luteum,0
28,glomus_macrocarpum,0
28,glomus_microaggregatum,0
28,glomus_mosseae,1
28,glomus_spurcum,0
28,glomus_sinuosum,0
28,glomus_spaz112,0
28,glomus_spaz123,0
28,paraglomus_occultum,0
28,acaulospora_morrowiae,1
28,acaulospora_mellea,0
29,acaulospora_delicata,0
29,glomus_geosporum,0
29,acaulospora_spAF141_5W,0
29,acaulospora_spAF141_3S,0
29,archaeospora_trappei,1
29,entrosphora_infrequens,0
29,glomus_claroideum,0
29,glomus_eburneum,0
29,glomus_etunicatum,1
29,glomus_fasciculatum,0
29,glomus_intraradices,1
29,glomus_luteum,0
29,glomus_macrocarpum,0
29,glomus_microaggregatum,0
29,glomus_mosseae,1
29,glomus_spurcum,1
29,glomus_sinuosum,0
29,glomus_spaz112,0
29,glomus_spaz123,0
29,paraglomus_occultum,0
29,acaulospora_morrowiae,0
29,acaulospora_mellea,0
30,acaulospora_delicata,0
30,glomus_geosporum,0
30,acaulospora_spAF141_5W,0
30,acaulospora_spAF141_3S,0
30,archaeospora_trappei,0
30,entrosphora_infrequens,0
30,glomus_claroideum,0
30,glomus_eburneum,0
30,glomus_etunicatum,1
30,glomus_fasciculatum,0
30,glomus_intraradices,1
30,glomus_luteum,0
30,glomus_macrocarpum,0
30,glomus_microaggregatum,1
30,glomus_mosseae,1
30,glomus_spurcum,1
30,glomus_sinuosum,0
30,glomus_spaz112,0
30,glomus_spaz123,0
30,paraglomus_occultum,0
30,acaulospora_morrowiae,0
30,acaulospora_mellea,0
31,acaulospora_delicata,0
31,glomus_geosporum,0
31,acaulospora_spAF141_5W,0
31,acaulospora_spAF141_3S,0
31,archaeospora_trappei,0
31,entrosphora_infrequens,0
31,glomus_claroideum,0
31,glomus_eburneum,0
31,glomus_etunicatum,0
31,glomus_fasciculatum,0
31,glomus_intraradices,1
31,glomus_luteum,1
31,glomus_macrocarpum,1
31,glomus_microaggregatum,0
31,glomus_mosseae,1
31,glomus_spurcum,0
31,glomus_sinuosum,0
31,glomus_spaz112,0
31,glomus_spaz123,0
31,paraglomus_occultum,0
31,acaulospora_morrowiae,0
31,acaulospora_mellea,0
32,acaulospora_delicata,0
32,glomus_geosporum,0
32,acaulospora_spAF141_5W,0
32,acaulospora_spAF141_3S,0
32,archaeospora_trappei,0
32,entrosphora_infrequens,0
32,glomus_claroideum,0
32,glomus_eburneum,0
32,glomus_etunicatum,1
32,glomus_fasciculatum,0
32,glomus_intraradices,1
32,glomus_luteum,0
32,glomus_macrocarpum,0
32,glomus_microaggregatum,1
32,glomus_mosseae,1
32,glomus_spurcum,0
32,glomus_sinuosum,0
32,glomus_spaz112,0
32,glomus_spaz123,1
32,paraglomus_occultum,0
32,acaulospora_morrowiae,0
32,acaulospora_mellea,0
33,acaulospora_delicata,0
33,glomus_geosporum,0
33,acaulospora_spAF141_5W,0
33,acaulospora_spAF141_3S,0
33,archaeospora_trappei,0
33,entrosphora_infrequens,0
33,glomus_claroideum,0
33,glomus_eburneum,0
33,glomus_etunicatum,1
33,glomus_fasciculatum,0
33,glomus_intraradices,1
33,glomus_luteum,0
33,glomus_macrocarpum,0
33,glomus_microaggregatum,1
33,glomus_mosseae,1
33,glomus_spurcum,0
33,glomus_sinuosum,0
33,glomus_spaz112,0
33,glomus_spaz123,0
33,paraglomus_occultum,0
33,acaulospora_morrowiae,0
33,acaulospora_mellea,0
34,acaulospora_delicata,0
34,glomus_geosporum,0
34,acaulospora_spAF141_5W,0
34,acaulospora_spAF141_3S,0
34,archaeospora_trappei,0
34,entrosphora_infrequens,0
34,glomus_claroideum,0
34,glomus_eburneum,0
34,glomus_etunicatum,1
34,glomus_fasciculatum,0
34,glomus_intraradices,1
34,glomus_luteum,0
34,glomus_macrocarpum,0
34,glomus_microaggregatum,0
34,glomus_mosseae,1
34,glomus_spurcum,0
34,glomus_sinuosum,0
34,glomus_spaz112,0
34,glomus_spaz123,1
34,paraglomus_occultum,0
34,acaulospora_morrowiae,0
34,acaulospora_mellea,0
35,acaulospora_delicata,0
35,glomus_geosporum,0
35,acaulospora_spAF141_5W,1
35,acaulospora_spAF141_3S,0
35,archaeospora_trappei,0
35,entrosphora_infrequens,0
35,glomus_claroideum,0
35,glomus_eburneum,0
35,glomus_etunicatum,1
35,glomus_fasciculatum,0
35,glomus_intraradices,1
35,glomus_luteum,0
35,glomus_macrocarpum,0
35,glomus_microaggregatum,0
35,glomus_mosseae,1
35,glomus_spurcum,0
35,glomus_sinuosum,0
35,glomus_spaz112,0
35,glomus_spaz123,0
35,paraglomus_occultum,0
35,acaulospora_morrowiae,0
35,acaulospora_mellea,0
36,acaulospora_delicata,0
36,glomus_geosporum,0
36,acaulospora_spAF141_5W,0
36,acaulospora_spAF141_3S,0
36,archaeospora_trappei,0
36,entrosphora_infrequens,0
36,glomus_claroideum,1
36,glomus_eburneum,0
36,glomus_etunicatum,1
36,glomus_fasciculatum,0
36,glomus_intraradices,1
36,glomus_luteum,0
36,glomus_macrocarpum,1
36,glomus_microaggregatum,1
36,glomus_mosseae,1
36,glomus_spurcum,0
36,glomus_sinuosum,0
36,glomus_spaz112,1
36,glomus_spaz123,1
36,paraglomus_occultum,0
36,acaulospora_morrowiae,0
36,acaulospora_mellea,0
37,acaulospora_delicata,0
37,glomus_geosporum,0
37,acaulospora_spAF141_5W,0
37,acaulospora_spAF141_3S,0
37,archaeospora_trappei,0
37,entrosphora_infrequens,0
37,glomus_claroideum,0
37,glomus_eburneum,0
37,glomus_etunicatum,1
37,glomus_fasciculatum,0
37,glomus_intraradices,1
37,glomus_luteum,0
37,glomus_macrocarpum,0
37,glomus_microaggregatum,1
37,glomus_mosseae,0
37,glomus_spurcum,0
37,glomus_sinuosum,0
37,glomus_spaz112,0
37,glomus_spaz123,1
37,paraglomus_occultum,0
37,acaulospora_morrowiae,0
37,acaulospora_mellea,0
38,acaulospora_delicata,0
38,glomus_geosporum,0
38,acaulospora_spAF141_5W,0
38,acaulospora_spAF141_3S,0
38,archaeospora_trappei,0
38,entrosphora_infrequens,0
38,glomus_claroideum,0
38,glomus_eburneum,0
38,glomus_etunicatum,0
38,glomus_fasciculatum,0
38,glomus_intraradices,1
38,glomus_luteum,0
38,glomus_macrocarpum,0
38,glomus_microaggregatum,0
38,glomus_mosseae,1
38,glomus_spurcum,0
38,glomus_sinuosum,0
38,glomus_spaz112,0
38,glomus_spaz123,0
38,paraglomus_occultum,0
38,acaulospora_morrowiae,0
38,acaulospora_mellea,0
39,acaulospora_delicata,0
39,glomus_geosporum,0
39,acaulospora_spAF141_5W,0
39,acaulospora_spAF141_3S,0
39,archaeospora_trappei,0
39,entrosphora_infrequens,0
39,glomus_claroideum,1
39,glomus_eburneum,0
39,glomus_etunicatum,1
39,glomus_fasciculatum,0
39,glomus_intraradices,1
39,glomus_luteum,0
39,glomus_macrocarpum,1
39,glomus_microaggregatum,1
39,glomus_mosseae,1
39,glomus_spurcum,0
39,glomus_sinuosum,0
39,glomus_spaz112,1
39,glomus_spaz123,1
39,paraglomus_occultum,0
39,acaulospora_morrowiae,0
39,acaulospora_mellea,0
40,acaulospora_delicata,1
40,glomus_geosporum,0
40,acaulospora_spAF141_5W,0
40,acaulospora_spAF141_3S,0
40,archaeospora_trappei,0
40,entrosphora_infrequens,0
40,glomus_claroideum,0
40,glomus_eburneum,1
40,glomus_etunicatum,0
40,glomus_fasciculatum,0
40,glomus_intraradices,1
40,glomus_luteum,0
40,glomus_macrocarpum,0
40,glomus_microaggregatum,0
40,glomus_mosseae,1
40,glomus_spurcum,0
40,glomus_sinuosum,0
40,glomus_spaz112,1
40,glomus_spaz123,0
40,paraglomus_occultum,1
40,acaulospora_morrowiae,0
40,acaulospora_mellea,0
41,acaulospora_delicata,0
41,glomus_geosporum,0
41,acaulospora_spAF141_5W,0
41,acaulospora_spAF141_3S,0
41,archaeospora_trappei,0
41,entrosphora_infrequens,0
41,glomus_claroideum,0
41,glomus_eburneum,0
41,glomus_etunicatum,1
41,glomus_fasciculatum,1
41,glomus_intraradices,1
41,glomus_luteum,0
41,glomus_macrocarpum,0
41,glomus_microaggregatum,0
41,glomus_mosseae,1
41,glomus_spurcum,0
41,glomus_sinuosum,0
41,glomus_spaz112,1
41,glomus_spaz123,0
41,paraglomus_occultum,0
41,acaulospora_morrowiae,0
41,acaulospora_mellea,0
42,acaulospora_delicata,0
42,glomus_geosporum,0
42,acaulospora_spAF141_5W,0
42,acaulospora_spAF141_3S,0
42,archaeospora_trappei,0
42,entrosphora_infrequens,0
42,glomus_claroideum,0
42,glomus_eburneum,0
42,glomus_etunicatum,0
42,glomus_fasciculatum,0
42,glomus_intraradices,1
42,glomus_luteum,0
42,glomus_macrocarpum,0
42,glomus_microaggregatum,0
42,glomus_mosseae,1
42,glomus_spurcum,0
42,glomus_sinuosum,0
42,glomus_spaz112,0
42,glomus_spaz123,0
42,paraglomus_occultum,0
42,acaulospora_morrowiae,0
42,acaulospora_mellea,0
43,acaulospora_delicata,0
43,glomus_geosporum,0
43,acaulospora_spAF141_5W,0
43,acaulospora_spAF141_3S,0
43,archaeospora_trappei,0
43,entrosphora_infrequens,0
43,glomus_claroideum,0
43,glomus_eburneum,0
43,glomus_etunicatum,1
43,glomus_fasciculatum,0
43,glomus_intraradices,1
43,glomus_luteum,0
43,glomus_macrocarpum,0
43,glomus_microaggregatum,0
43,glomus_mosseae,1
43,glomus_spurcum,0
43,glomus_sinuosum,0
43,glomus_spaz112,1
43,glomus_spaz123,0
43,paraglomus_occultum,0
43,acaulospora_morrowiae,0
43,acaulospora_mellea,0
44,acaulospora_delicata,0
44,glomus_geosporum,0
44,acaulospora_spAF141_5W,0
44,acaulospora_spAF141_3S,0
44,archaeospora_trappei,0
44,entrosphora_infrequens,0
44,glomus_claroideum,0
44,glomus_eburneum,0
44,glomus_etunicatum,1
44,glomus_fasciculatum,0
44,glomus_intraradices,1
44,glomus_luteum,0
44,glomus_macrocarpum,0
44,glomus_microaggregatum,0
44,glomus_mosseae,1
44,glomus_spurcum,0
44,glomus_sinuosum,0
44,glomus_spaz112,0
44,glomus_spaz123,0
44,paraglomus_occultum,1
44,acaulospora_morrowiae,0
44,acaulospora_mellea,0
45,acaulospora_delicata,0
45,glomus_geosporum,0
45,acaulospora_spAF141_5W,0
45,acaulospora_spAF141_3S,0
45,archaeospora_trappei,0
45,entrosphora_infrequens,0
45,glomus_claroideum,0
45,glomus_eburneum,0
45,glomus_etunicatum,1
45,glomus_fasciculatum,0
45,glomus_intraradices,1
45,glomus_luteum,0
45,glomus_macrocarpum,0
45,glomus_microaggregatum,0
45,glomus_mosseae,1
45,glomus_spurcum,0
45,glomus_sinuosum,0
45,glomus_spaz112,0
45,glomus_spaz123,0
45,paraglomus_occultum,0
45,acaulospora_morrowiae,0
45,acaulospora_mellea,0
46,acaulospora_delicata,0
46,glomus_geosporum,0
46,acaulospora_spAF141_5W,0
46,acaulospora_spAF141_3S,0
46,archaeospora_trappei,0
46,entrosphora_infrequens,0
46,glomus_claroideum,0
46,glomus_eburneum,1
46,glomus_etunicatum,0
46,glomus_fasciculatum,0
46,glomus_intraradices,1
46,glomus_luteum,0
46,glomus_macrocarpum,0
46,glomus_microaggregatum,0
46,glomus_mosseae,1
46,glomus_spurcum,0
46,glomus_sinuosum,0
46,glomus_spaz112,0
46,glomus_spaz123,0
46,paraglomus_occultum,1
46,acaulospora_morrowiae,0
46,acaulospora_mellea,0
47,acaulospora_delicata,0
47,glomus_geosporum,0
47,acaulospora_spAF141_5W,0
47,acaulospora_spAF141_3S,0
47,archaeospora_trappei,0
47,entrosphora_infrequens,0
47,glomus_claroideum,0
47,glomus_eburneum,0
47,glomus_etunicatum,1
47,glomus_fasciculatum,0
47,glomus_intraradices,1
47,glomus_luteum,0
47,glomus_macrocarpum,0
47,glomus_microaggregatum,0
47,glomus_mosseae,1
47,glomus_spurcum,0
47,glomus_sinuosum,0
47,glomus_spaz112,1
47,glomus_spaz123,0
47,paraglomus_occultum,0
47,acaulospora_morrowiae,0
47,acaulospora_mellea,0
48,acaulospora_delicata,0
48,glomus_geosporum,0
48,acaulospora_spAF141_5W,0
48,acaulospora_spAF141_3S,0
48,archaeospora_trappei,0
48,entrosphora_infrequens,0
48,glomus_claroideum,0
48,glomus_eburneum,0
48,glomus_etunicatum,0
48,glomus_fasciculatum,0
48,glomus_intraradices,1
48,glomus_luteum,0
48,glomus_macrocarpum,1
48,glomus_microaggregatum,0
48,glomus_mosseae,1
48,glomus_spurcum,0
48,glomus_sinuosum,0
48,glomus_spaz112,0
48,glomus_spaz123,0
48,paraglomus_occultum,0
48,acaulospora_morrowiae,0
48,acaulospora_mellea,0
49,acaulospora_delicata,0
49,glomus_geosporum,0
49,acaulospora_spAF141_5W,0
49,acaulospora_spAF141_3S,0
49,archaeospora_trappei,0
49,entrosphora_infrequens,0
49,glomus_claroideum,0
49,glomus_eburneum,0
49,glomus_etunicatum,0
49,glomus_fasciculatum,0
49,glomus_intraradices,1
49,glomus_luteum,0
49,glomus_macrocarpum,0
49,glomus_microaggregatum,0
49,glomus_mosseae,1
49,glomus_spurcum,0
49,glomus_sinuosum,0
49,glomus_spaz112,0
49,glomus_spaz123,0
49,paraglomus_occultum,0
49,acaulospora_morrowiae,0
49,acaulospora_mellea,0
50,acaulospora_delicata,0
50,glomus_geosporum,0
50,acaulospora_spAF141_5W,0
50,acaulospora_spAF141_3S,0
50,archaeospora_trappei,0
50,entrosphora_infrequens,0
50,glomus_claroideum,0
50,glomus_eburneum,0
50,glomus_etunicatum,0
50,glomus_fasciculatum,0
50,glomus_intraradices,1
50,glomus_luteum,0
50,glomus_macrocarpum,0
50,glomus_microaggregatum,0
50,glomus_mosseae,1
50,glomus_spurcum,0
50,glomus_sinuosum,0
50,glomus_spaz112,0
50,glomus_spaz123,0
50,paraglomus_occultum,0
50,acaulospora_morrowiae,0
50,acaulospora_mellea,0
51,acaulospora_delicata,0
51,glomus_geosporum,0
51,acaulospora_spAF141_5W,0
51,acaulospora_spAF141_3S,0
51,archaeospora_trappei,0
51,entrosphora_infrequens,0
51,glomus_claroideum,0
51,glomus_eburneum,0
51,glomus_etunicatum,1
51,glomus_fasciculatum,0
51,glomus_intraradices,1
51,glomus_luteum,0
51,glomus_macrocarpum,0
51,glomus_microaggregatum,0
51,glomus_mosseae,1
51,glomus_spurcum,0
51,glomus_sinuosum,0
51,glomus_spaz112,0
51,glomus_spaz123,0
51,paraglomus_occultum,0
51,acaulospora_morrowiae,0
51,acaulospora_mellea,0
52,acaulospora_delicata,0
52,glomus_geosporum,0
52,acaulospora_spAF141_5W,0
52,acaulospora_spAF141_3S,0
52,archaeospora_trappei,0
52,entrosphora_infrequens,0
52,glomus_claroideum,0
52,glomus_eburneum,1
52,glomus_etunicatum,1
52,glomus_fasciculatum,0
52,glomus_intraradices,1
52,glomus_luteum,0
52,glomus_macrocarpum,0
52,glomus_microaggregatum,0
52,glomus_mosseae,1
52,glomus_spurcum,0
52,glomus_sinuosum,0
52,glomus_spaz112,0
52,glomus_spaz123,0
52,paraglomus_occultum,0
52,acaulospora_morrowiae,0
52,acaulospora_mellea,0
53,acaulospora_delicata,0
53,glomus_geosporum,0
53,acaulospora_spAF141_5W,0
53,acaulospora_spAF141_3S,0
53,archaeospora_trappei,0
53,entrosphora_infrequens,0
53,glomus_claroideum,0
53,glomus_eburneum,0
53,glomus_etunicatum,1
53,glomus_fasciculatum,0
53,glomus_intraradices,1
53,glomus_luteum,0
53,glomus_macrocarpum,0
53,glomus_microaggregatum,0
53,glomus_mosseae,1
53,glomus_spurcum,0
53,glomus_sinuosum,0
53,glomus_spaz112,0
53,glomus_spaz123,0
53,paraglomus_occultum,0
53,acaulospora_morrowiae,0
53,acaulospora_mellea,0
54,acaulospora_delicata,0
54,glomus_geosporum,0
54,acaulospora_spAF141_5W,0
54,acaulospora_spAF141_3S,0
54,archaeospora_trappei,1
54,entrosphora_infrequens,0
54,glomus_claroideum,0
54,glomus_eburneum,0
54,glomus_etunicatum,1
54,glomus_fasciculatum,0
54,glomus_intraradices,1
54,glomus_luteum,0
54,glomus_macrocarpum,0
54,glomus_microaggregatum,0
54,glomus_mosseae,1
54,glomus_spurcum,0
54,glomus_sinuosum,0
54,glomus_spaz112,0
54,glomus_spaz123,0
54,paraglomus_occultum,0
54,acaulospora_morrowiae,0
54,acaulospora_mellea,0
55,acaulospora_delicata,0
55,glomus_geosporum,0
55,acaulospora_spAF141_5W,0
55,acaulospora_spAF141_3S,0
55,archaeospora_trappei,0
55,entrosphora_infrequens,0
55,glomus_claroideum,0
55,glomus_eburneum,0
55,glomus_etunicatum,1
55,glomus_fasciculatum,0
55,glomus_intraradices,1
55,glomus_luteum,0
55,glomus_macrocarpum,0
55,glomus_microaggregatum,1
55,glomus_mosseae,1
55,glomus_spurcum,0
55,glomus_sinuosum,0
55,glomus_spaz112,0
55,glomus_spaz123,0
55,paraglomus_occultum,0
55,acaulospora_morrowiae,0
55,acaulospora_mellea,0
56,acaulospora_delicata,0
56,glomus_geosporum,0
56,acaulospora_spAF141_5W,0
56,acaulospora_spAF141_3S,0
56,archaeospora_trappei,0
56,entrosphora_infrequens,0
56,glomus_claroideum,0
56,glomus_eburneum,0
56,glomus_etunicatum,1
56,glomus_fasciculatum,0
56,glomus_intraradices,1
56,glomus_luteum,0
56,glomus_macrocarpum,1
56,glomus_microaggregatum,1
56,glomus_mosseae,1
56,glomus_spurcum,0
56,glomus_sinuosum,0
56,glomus_spaz112,0
56,glomus_spaz123,0
56,paraglomus_occultum,0
56,acaulospora_morrowiae,0
56,acaulospora_mellea,0
57,acaulospora_delicata,0
57,glomus_geosporum,0
57,acaulospora_spAF141_5W,0
57,acaulospora_spAF141_3S,0
57,archaeospora_trappei,0
57,entrosphora_infrequens,0
57,glomus_claroideum,0
57,glomus_eburneum,0
57,glomus_etunicatum,1
57,glomus_fasciculatum,0
57,glomus_intraradices,1
57,glomus_luteum,0
57,glomus_macrocarpum,1
57,glomus_microaggregatum,1
57,glomus_mosseae,1
57,glomus_spurcum,0
57,glomus_sinuosum,0
57,glomus_spaz112,0
57,glomus_spaz123,0
57,paraglomus_occultum,0
57,acaulospora_morrowiae,0
57,acaulospora_mellea,0
58,acaulospora_delicata,0
58,glomus_geosporum,0
58,acaulospora_spAF141_5W,0
58,acaulospora_spAF141_3S,0
58,archaeospora_trappei,0
58,entrosphora_infrequens,0
58,glomus_claroideum,0
58,glomus_eburneum,0
58,glomus_etunicatum,1
58,glomus_fasciculatum,0
58,glomus_intraradices,1
58,glomus_luteum,0
58,glomus_macrocarpum,1
58,glomus_microaggregatum,0
58,glomus_mosseae,1
58,glomus_spurcum,0
58,glomus_sinuosum,0
58,glomus_spaz112,0
58,glomus_spaz123,0
58,paraglomus_occultum,0
58,acaulospora_morrowiae,0
58,acaulospora_mellea,0
59,acaulospora_delicata,0
59,glomus_geosporum,0
59,acaulospora_spAF141_5W,0
59,acaulospora_spAF141_3S,0
59,archaeospora_trappei,0
59,entrosphora_infrequens,0
59,glomus_claroideum,0
59,glomus_eburneum,0
59,glomus_etunicatum,1
59,glomus_fasciculatum,0
59,glomus_intraradices,1
59,glomus_luteum,1
59,glomus_macrocarpum,0
59,glomus_microaggregatum,1
59,glomus_mosseae,1
59,glomus_spurcum,0
59,glomus_sinuosum,0
59,glomus_spaz112,0
59,glomus_spaz123,0
59,paraglomus_occultum,0
59,acaulospora_morrowiae,0
59,acaulospora_mellea,0
60,acaulospora_delicata,0
60,glomus_geosporum,0
60,acaulospora_spAF141_5W,0
60,acaulospora_spAF141_3S,0
60,archaeospora_trappei,0
60,entrosphora_infrequens,0
60,glomus_claroideum,0
60,glomus_eburneum,0
60,glomus_etunicatum,1
60,glomus_fasciculatum,0
60,glomus_intraradices,1
60,glomus_luteum,0
60,glomus_macrocarpum,0
60,glomus_microaggregatum,0
60,glomus_mosseae,1
60,glomus_spurcum,0
60,glomus_sinuosum,0
60,glomus_spaz112,0
60,glomus_spaz123,0
60,paraglomus_occultum,1
60,acaulospora_morrowiae,0
60,acaulospora_mellea,0
61,acaulospora_delicata,0
61,glomus_geosporum,0
61,acaulospora_spAF141_5W,0
61,acaulospora_spAF141_3S,0
61,archaeospora_trappei,1
61,entrosphora_infrequens,0
61,glomus_claroideum,0
61,glomus_eburneum,0
61,glomus_etunicatum,1
61,glomus_fasciculatum,0
61,glomus_intraradices,0
61,glomus_luteum,0
61,glomus_macrocarpum,1
61,glomus_microaggregatum,1
61,glomus_mosseae,1
61,glomus_spurcum,0
61,glomus_sinuosum,0
61,glomus_spaz112,0
61,glomus_spaz123,0
61,paraglomus_occultum,0
61,acaulospora_morrowiae,0
61,acaulospora_mellea,0
62,acaulospora_delicata,0
62,glomus_geosporum,0
62,acaulospora_spAF141_5W,0
62,acaulospora_spAF141_3S,0
62,archaeospora_trappei,0
62,entrosphora_infrequens,0
62,glomus_claroideum,0
62,glomus_eburneum,0
62,glomus_etunicatum,1
62,glomus_fasciculatum,0
62,glomus_intraradices,1
62,glomus_luteum,0
62,glomus_macrocarpum,1
62,glomus_microaggregatum,0
62,glomus_mosseae,1
62,glomus_spurcum,0
62,glomus_sinuosum,0
62,glomus_spaz112,0
62,glomus_spaz123,1
62,paraglomus_occultum,0
62,acaulospora_morrowiae,0
62,acaulospora_mellea,0
63,acaulospora_delicata,0
63,glomus_geosporum,0
63,acaulospora_spAF141_5W,0
63,acaulospora_spAF141_3S,0
63,archaeospora_trappei,0
63,entrosphora_infrequens,0
63,glomus_claroideum,0
63,glomus_eburneum,0
63,glomus_etunicatum,0
63,glomus_fasciculatum,0
63,glomus_intraradices,1
63,glomus_luteum,0
63,glomus_macrocarpum,0
63,glomus_microaggregatum,1
63,glomus_mosseae,1
63,glomus_spurcum,0
63,glomus_sinuosum,0
63,glomus_spaz112,0
63,glomus_spaz123,0
63,paraglomus_occultum,0
63,acaulospora_morrowiae,0
63,acaulospora_mellea,0
64,acaulospora_delicata,0
64,glomus_geosporum,1
64,acaulospora_spAF141_5W,0
64,acaulospora_spAF141_3S,0
64,archaeospora_trappei,0
64,entrosphora_infrequens,0
64,glomus_claroideum,0
64,glomus_eburneum,0
64,glomus_etunicatum,1
64,glomus_fasciculatum,0
64,glomus_intraradices,1
64,glomus_luteum,0
64,glomus_macrocarpum,0
64,glomus_microaggregatum,1
64,glomus_mosseae,1
64,glomus_spurcum,0
64,glomus_sinuosum,0
64,glomus_spaz112,0
64,glomus_spaz123,1
64,paraglomus_occultum,0
64,acaulospora_morrowiae,0
64,acaulospora_mellea,0
65,acaulospora_delicata,0
65,glomus_geosporum,1
65,acaulospora_spAF141_5W,0
65,acaulospora_spAF141_3S,0
65,archaeospora_trappei,0
65,entrosphora_infrequens,0
65,glomus_claroideum,0
65,glomus_eburneum,0
65,glomus_etunicatum,1
65,glomus_fasciculatum,0
65,glomus_intraradices,1
65,glomus_luteum,1
65,glomus_macrocarpum,0
65,glomus_microaggregatum,0
65,glomus_mosseae,0
65,glomus_spurcum,0
65,glomus_sinuosum,0
65,glomus_spaz112,0
65,glomus_spaz123,1
65,paraglomus_occultum,0
65,acaulospora_morrowiae,0
65,acaulospora_mellea,0
66,acaulospora_delicata,0
66,glomus_geosporum,1
66,acaulospora_spAF141_5W,0
66,acaulospora_spAF141_3S,0
66,archaeospora_trappei,0
66,entrosphora_infrequens,0
66,glomus_claroideum,0
66,glomus_eburneum,0
66,glomus_etunicatum,1
66,glomus_fasciculatum,1
66,glomus_intraradices,1
66,glomus_luteum,0
66,glomus_macrocarpum,1
66,glomus_microaggregatum,1
66,glomus_mosseae,0
66,glomus_spurcum,0
66,glomus_sinuosum,0
66,glomus_spaz112,0
66,glomus_spaz123,1
66,paraglomus_occultum,0
66,acaulospora_morrowiae,0
66,acaulospora_mellea,0
67,acaulospora_delicata,0
67,glomus_geosporum,0
67,acaulospora_spAF141_5W,0
67,acaulospora_spAF141_3S,0
67,archaeospora_trappei,0
67,entrosphora_infrequens,0
67,glomus_claroideum,0
67,glomus_eburneum,1
67,glomus_etunicatum,1
67,glomus_fasciculatum,1
67,glomus_intraradices,1
67,glomus_luteum,0
67,glomus_macrocarpum,0
67,glomus_microaggregatum,0
67,glomus_mosseae,1
67,glomus_spurcum,0
67,glomus_sinuosum,0
67,glomus_spaz112,0
67,glomus_spaz123,1
67,paraglomus_occultum,0
67,acaulospora_morrowiae,0
67,acaulospora_mellea,0
68,acaulospora_delicata,0
68,glomus_geosporum,0
68,acaulospora_spAF141_5W,0
68,acaulospora_spAF141_3S,0
68,archaeospora_trappei,0
68,entrosphora_infrequens,0
68,glomus_claroideum,1
68,glomus_eburneum,1
68,glomus_etunicatum,1
68,glomus_fasciculatum,0
68,glomus_intraradices,1
68,glomus_luteum,0
68,glomus_macrocarpum,0
68,glomus_microaggregatum,1
68,glomus_mosseae,1
68,glomus_spurcum,0
68,glomus_sinuosum,0
68,glomus_spaz112,0
68,glomus_spaz123,1
68,paraglomus_occultum,0
68,acaulospora_morrowiae,0
68,acaulospora_mellea,0
69,acaulospora_delicata,0
69,glomus_geosporum,0
69,acaulospora_spAF141_5W,0
69,acaulospora_spAF141_3S,0
69,archaeospora_trappei,0
69,entrosphora_infrequens,0
69,glomus_claroideum,0
69,glomus_eburneum,0
69,glomus_etunicatum,1
69,glomus_fasciculatum,0
69,glomus_intraradices,1
69,glomus_luteum,0
69,glomus_macrocarpum,0
69,glomus_microaggregatum,0
69,glomus_mosseae,1
69,glomus_spurcum,0
69,glomus_sinuosum,0
69,glomus_spaz112,0
69,glomus_spaz123,0
69,paraglomus_occultum,0
69,acaulospora_morrowiae,0
69,acaulospora_mellea,0
70,acaulospora_delicata,0
70,glomus_geosporum,0
70,acaulospora_spAF141_5W,0
70,acaulospora_spAF141_3S,0
70,archaeospora_trappei,0
70,entrosphora_infrequens,0
70,glomus_claroideum,0
70,glomus_eburneum,0
70,glomus_etunicatum,0
70,glomus_fasciculatum,0
70,glomus_intraradices,1
70,glomus_luteum,0
70,glomus_macrocarpum,0
70,glomus_microaggregatum,0
70,glomus_mosseae,1
70,glomus_spurcum,0
70,glomus_sinuosum,0
70,glomus_spaz112,0
70,glomus_spaz123,0
70,paraglomus_occultum,0
70,acaulospora_morrowiae,0
70,acaulospora_mellea,0
71,acaulospora_delicata,0
71,glomus_geosporum,0
71,acaulospora_spAF141_5W,0
71,acaulospora_spAF141_3S,0
71,archaeospora_trappei,0
71,entrosphora_infrequens,0
71,glomus_claroideum,0
71,glomus_eburneum,1
71,glomus_etunicatum,1
71,glomus_fasciculatum,0
71,glomus_intraradices,1
71,glomus_luteum,0
71,glomus_macrocarpum,0
71,glomus_microaggregatum,1
71,glomus_mosseae,1
71,glomus_spurcum,0
71,glomus_sinuosum,0
71,glomus_spaz112,0
71,glomus_spaz123,0
71,paraglomus_occultum,0
71,acaulospora_morrowiae,0
71,acaulospora_mellea,0
72,acaulospora_delicata,0
72,glomus_geosporum,0
72,acaulospora_spAF141_5W,0
72,acaulospora_spAF141_3S,0
72,archaeospora_trappei,0
72,entrosphora_infrequens,0
72,glomus_claroideum,0
72,glomus_eburneum,0
72,glomus_etunicatum,0
72,glomus_fasciculatum,0
72,glomus_intraradices,1
72,glomus_luteum,0
72,glomus_macrocarpum,0
72,glomus_microaggregatum,1
72,glomus_mosseae,1
72,glomus_spurcum,1
72,glomus_sinuosum,1
72,glomus_spaz112,0
72,glomus_spaz123,0
72,paraglomus_occultum,0
72,acaulospora_morrowiae,0
72,acaulospora_mellea,0
73,acaulospora_delicata,0
73,glomus_geosporum,0
73,acaulospora_spAF141_5W,0
73,acaulospora_spAF141_3S,0
73,archaeospora_trappei,1
73,entrosphora_infrequens,0
73,glomus_claroideum,0
73,glomus_eburneum,1
73,glomus_etunicatum,1
73,glomus_fasciculatum,0
73,glomus_intraradices,1
73,glomus_luteum,0
73,glomus_macrocarpum,0
73,glomus_microaggregatum,1
73,glomus_mosseae,1
73,glomus_spurcum,1
73,glomus_sinuosum,0
73,glomus_spaz112,0
73,glomus_spaz123,1
73,paraglomus_occultum,0
73,acaulospora_morrowiae,0
73,acaulospora_mellea,0
74,acaulospora_delicata,0
74,glomus_geosporum,0
74,acaulospora_spAF141_5W,0
74,acaulospora_spAF141_3S,0
74,archaeospora_trappei,0
74,entrosphora_infrequens,0
74,glomus_claroideum,0
74,glomus_eburneum,0
74,glomus_etunicatum,0
74,glomus_fasciculatum,0
74,glomus_intraradices,0
74,glomus_luteum,0
74,glomus_macrocarpum,0
74,glomus_microaggregatum,1
74,glomus_mosseae,1
74,glomus_spurcum,0
74,glomus_sinuosum,0
74,glomus_spaz112,0
74,glomus_spaz123,1
74,paraglomus_occultum,0
74,acaulospora_morrowiae,0
74,acaulospora_mellea,0
75,acaulospora_delicata,0
75,glomus_geosporum,1
75,acaulospora_spAF141_5W,0
75,acaulospora_spAF141_3S,0
75,archaeospora_trappei,0
75,entrosphora_infrequens,0
75,glomus_claroideum,0
75,glomus_eburneum,0
75,glomus_etunicatum,1
75,glomus_fasciculatum,1
75,glomus_intraradices,1
75,glomus_luteum,0
75,glomus_macrocarpum,0
75,glomus_microaggregatum,1
75,glomus_mosseae,0
75,glomus_spurcum,0
75,glomus_sinuosum,1
75,glomus_spaz112,0
75,glomus_spaz123,1
75,paraglomus_occultum,0
75,acaulospora_morrowiae,0
75,acaulospora_mellea,0
76,acaulospora_delicata,0
76,glomus_geosporum,1
76,acaulospora_spAF141_5W,0
76,acaulospora_spAF141_3S,0
76,archaeospora_trappei,0
76,entrosphora_infrequens,0
76,glomus_claroideum,0
76,glomus_eburneum,0
76,glomus_etunicatum,1
76,glomus_fasciculatum,0
76,glomus_intraradices,0
76,glomus_luteum,0
76,glomus_macrocarpum,0
76,glomus_microaggregatum,1
76,glomus_mosseae,1
76,glomus_spurcum,0
76,glomus_sinuosum,0
76,glomus_spaz112,0
76,glomus_spaz123,0
76,paraglomus_occultum,0
76,acaulospora_morrowiae,0
76,acaulospora_mellea,0
77,acaulospora_delicata,0
77,glomus_geosporum,1
77,acaulospora_spAF141_5W,0
77,acaulospora_spAF141_3S,0
77,archaeospora_trappei,0
77,entrosphora_infrequens,0
77,glomus_claroideum,0
77,glomus_eburneum,0
77,glomus_etunicatum,1
77,glomus_fasciculatum,0
77,glomus_intraradices,1
77,glomus_luteum,0
77,glomus_macrocarpum,0
77,glomus_microaggregatum,0
77,glomus_mosseae,1
77,glomus_spurcum,0
77,glomus_sinuosum,0
77,glomus_spaz112,0
77,glomus_spaz123,1
77,paraglomus_occultum,0
77,acaulospora_morrowiae,0
77,acaulospora_mellea,0
78,acaulospora_delicata,0
78,glomus_geosporum,0
78,acaulospora_spAF141_5W,0
78,acaulospora_spAF141_3S,0
78,archaeospora_trappei,1
78,entrosphora_infrequens,0
78,glomus_claroideum,0
78,glomus_eburneum,0
78,glomus_etunicatum,1
78,glomus_fasciculatum,0
78,glomus_intraradices,1
78,glomus_luteum,0
78,glomus_macrocarpum,0
78,glomus_microaggregatum,0
78,glomus_mosseae,0
78,glomus_spurcum,1
78,glomus_sinuosum,1
78,glomus_spaz112,0
78,glomus_spaz123,1
78,paraglomus_occultum,0
78,acaulospora_morrowiae,0
78,acaulospora_mellea,0
79,acaulospora_delicata,0
79,glomus_geosporum,0
79,acaulospora_spAF141_5W,0
79,acaulospora_spAF141_3S,0
79,archaeospora_trappei,0
79,entrosphora_infrequens,0
79,glomus_claroideum,0
79,glomus_eburneum,0
79,glomus_etunicatum,1
79,glomus_fasciculatum,0
79,glomus_intraradices,1
79,glomus_luteum,1
79,glomus_macrocarpum,0
79,glomus_microaggregatum,0
79,glomus_mosseae,1
79,glomus_spurcum,0
79,glomus_sinuosum,1
79,glomus_spaz112,0
79,glomus_spaz123,1
79,paraglomus_occultum,0
79,acaulospora_morrowiae,0
79,acaulospora_mellea,0
80,acaulospora_delicata,0
80,glomus_geosporum,0
80,acaulospora_spAF141_5W,0
80,acaulospora_spAF141_3S,0
80,archaeospora_trappei,0
80,entrosphora_infrequens,0
80,glomus_claroideum,0
80,glomus_eburneum,0
80,glomus_etunicatum,0
80,glomus_fasciculatum,0
80,glomus_intraradices,1
80,glomus_luteum,1
80,glomus_macrocarpum,0
80,glomus_microaggregatum,0
80,glomus_mosseae,0
80,glomus_spurcum,0
80,glomus_sinuosum,0
80,glomus_spaz112,0
80,glomus_spaz123,1
80,paraglomus_occultum,0
80,acaulospora_morrowiae,0
80,acaulospora_mellea,0
